{"valid/rel_hits@3":0.36814,"_step":180,"_runtime":611,"test/rel_mrr":0.35367,"train/rel_hits@1":0.63033,"valid/rel_mrr":0.30395,"test/rel_hits@1":0.19099,"_timestamp":1.7804566888795516e+09,"train/rel_mrr":0.77309,"valid/rel_hits@5":0.56003,"valid/rel_hits@1":0.10469,"test/rel_hits@5":0.41261,"_wandb":{"runtime":611},"train/loss":0.0011231465991892663,"test/rel_hits@3":0.41201,"train/step_loss":0.0011311065063909383}