{"valid/hits@1":0.0322,"_wandb":{"runtime":223},"train/loss":0.0016276556296303632,"train/step_loss":0.0015403454112437114,"valid/mrr":0.04413,"valid/best_epoch":6,"_timestamp":1.780389502464049e+09,"valid/left_mr":4013.94063,"valid/right_mrr":0.00031,"valid/right_mr":5111.95812,"_step":59,"valid/right_hits@10":0,"valid/mr":4562.94938,"valid/left_mrr":0.08794,"valid/right_hits@1":0,"train/step":3487,"valid/left_hits@1":0.0644,"valid/hits@3":0.0644,"valid/hits@10":0.0644,"_runtime":223,"epoch":7,"valid/best_mrr":0.04413,"valid/left_hits@10":0.12881}