{"train/loss":0.1066944217668369,"valid/presence_f2":0.33333333333308884,"_wandb":{"runtime":968},"valid/presence_recall":1,"valid/rel_hits@1":0.59892,"valid/rel_mrr":0.77281,"valid/presence_precision":0.09090909090909091,"_runtime":968,"valid/presence_auprc":0.07354639680896384,"train/step_loss":0.10683153461934325,"_step":161,"_timestamp":1.7805601202811954e+09,"valid/presence_f1":0.1666666666665139}